-- DELETE FROM cart_products;
-- ALTER TABLE order_products AUTO_INCREMENT = 1;

INSERT INTO cart_products (product_id, user_id, quantity, is_selected, created_at)
VALUES
(1, 1, 2, 1, '2025-10-13 10:00:30'),
(12, 1, 1, 0, '2025-10-13 10:00:30'),

(25, 2, 3, 1, '2025-10-13 10:01:20'),
(43, 2, 1, 1, '2025-10-13 10:01:20'),

(59, 3, 2, 1, '2025-10-13 10:02:10'),
(30, 3, 1, 0, '2025-10-13 10:02:10'),

(14, 4, 1, 1, '2025-10-13 10:03:00'),
(35, 4, 1, 1, '2025-10-13 10:03:00'),

(49, 5, 2, 1, '2025-10-13 10:04:00'),
(45, 5, 1, 0, '2025-10-13 10:04:00'),

(6, 6, 1, 1, '2025-10-13 10:05:00'),
(7, 6, 1, 1, '2025-10-13 10:05:00'),

(53, 7, 2, 1, '2025-10-13 10:06:00'),
(22, 7, 1, 0, '2025-10-13 10:06:00'),

(20, 8, 1, 1, '2025-10-13 10:07:00'),
(33, 8, 1, 1, '2025-10-13 10:07:00'),

(55, 9, 1, 1, '2025-10-13 10:08:00'),
(41, 9, 2, 1, '2025-10-13 10:08:00'),

(10, 10, 1, 1, '2025-10-13 10:09:00'),
(26, 10, 1, 0, '2025-10-13 10:09:00'),

(18, 11, 1, 1, '2025-10-13 10:10:00'),
(44, 11, 2, 0, '2025-10-13 10:10:00'),

(3, 12, 1, 1, '2025-10-13 10:11:00'),
(17, 12, 1, 1, '2025-10-13 10:11:00'),

(5, 13, 2, 1, '2025-10-13 10:12:00'),
(46, 13, 1, 0, '2025-10-13 10:12:00'),

(23, 14, 1, 1, '2025-10-13 10:13:00'),
(47, 14, 1, 1, '2025-10-13 10:13:00'),

(8, 15, 1, 1, '2025-10-13 10:14:00'),
(9, 15, 1, 1, '2025-10-13 10:14:00'),

(27, 16, 1, 1, '2025-10-13 10:15:00'),
(28, 16, 1, 1, '2025-10-13 10:15:00'),

(19, 17, 2, 1, '2025-10-13 10:16:00'),
(31, 17, 1, 0, '2025-10-13 10:16:00'),

(38, 18, 1, 1, '2025-10-13 10:17:00'),
(39, 18, 1, 1, '2025-10-13 10:17:00'),

(42, 19, 1, 1, '2025-10-13 10:18:00'),
(24, 19, 2, 0, '2025-10-13 10:18:00'),

(13, 20, 1, 1, '2025-10-13 10:19:00'),
(21, 20, 1, 1, '2025-10-13 10:19:00'),

(11, 21, 1, 1, '2025-10-13 10:20:00'),
(16, 21, 2, 0, '2025-10-13 10:20:00'),

(50, 22, 1, 1, '2025-10-13 10:21:00'),
(52, 22, 1, 0, '2025-10-13 10:21:00'),

(29, 23, 2, 1, '2025-10-13 10:22:00'),
(32, 23, 1, 0, '2025-10-13 10:22:00'),

(2, 24, 1, 1, '2025-10-13 10:23:00'),
(4, 24, 1, 1, '2025-10-13 10:23:00'),

(36, 25, 1, 1, '2025-10-13 10:24:00'),
(40, 25, 1, 1, '2025-10-13 10:24:00'),

(15, 26, 1, 1, '2025-10-13 10:25:00'),
(34, 26, 1, 1, '2025-10-13 10:25:00'),

(48, 27, 2, 1, '2025-10-13 10:26:00'),
(51, 27, 1, 0, '2025-10-13 10:26:00'),

(37, 28, 1, 1, '2025-10-13 10:27:00'),
(54, 28, 1, 1, '2025-10-13 10:27:00'),

(58, 29, 1, 1, '2025-10-13 10:28:00'),
(57, 29, 2, 1, '2025-10-13 10:28:00'),

(40, 30, 1, 1, '2025-10-13 10:28:00'),
(3, 30, 2, 1, '2025-10-13 10:28:00');

INSERT INTO orders 
(user_id, status, receiver, phone_number, address, delivered_at, created_at, updated_at)
VALUES
(1,  '출고전',   '김민수',   '01012345601', '서울특별시 강남구 테헤란로 201',   '2025-10-20', '2025-10-13 09:00:00', '2025-10-13 09:00:00'),
(2,  '배송중',   '박진우',   '01012345602', '서울특별시 송파구 올림픽로 88',    '2025-10-21', '2025-10-13 09:10:00', '2025-10-13 09:10:00'),
(3,  '배송완료', '이수정',   '01012345603', '부산광역시 해운대구 센텀중앙로 90','2025-10-12', '2025-10-12 08:30:00', '2025-10-12 08:30:00'),
(4,  '배송완료', '최현우',   '01012345604', '경기도 성남시 분당구 판교로 242', '2025-10-11', '2025-10-11 10:00:00', '2025-10-11 10:00:00'),
(5,  '출고전',   '정다은',   '01012345605', '서울특별시 마포구 월드컵북로 50',  '2025-10-19', '2025-10-13 09:20:00', '2025-10-13 09:20:00'),
(6,  '배송중',   '한지훈',   '01012345606', '서울특별시 서초구 서초대로 74',   '2025-10-20', '2025-10-13 09:30:00', '2025-10-13 09:30:00'),
(7,  '출고전',   '오준호',   '01012345607', '대전광역시 유성구 대학로 99',     '2025-10-22', '2025-10-13 09:40:00', '2025-10-13 09:40:00'),
(8,  '배송중',   '유지연',   '01012345608', '광주광역시 서구 상무대로 110',    '2025-10-20', '2025-10-13 09:50:00', '2025-10-13 09:50:00'),
(9,  '배송완료', '조성민',   '01012345609', '대구광역시 중구 달구벌대로 65',   '2025-10-11', '2025-10-11 08:45:00', '2025-10-11 08:45:00'),
(10, '배송중',   '백은지',   '01012345610', '인천광역시 연수구 송도과학로 12', '2025-10-18', '2025-10-13 10:00:00', '2025-10-13 10:00:00'),
(11, '배송완료', '이하늘',   '01023456711', '서울특별시 종로구 대학로 12',    '2025-10-12', '2025-10-12 09:10:00', '2025-10-12 09:10:00'),
(12, '배송완료', '박예린',   '01023456712', '서울특별시 동작구 상도로 64',    '2025-10-10', '2025-10-11 15:10:00', '2025-10-11 15:10:00'),
(13, '출고전',   '강준혁',   '01023456713', '부산광역시 남구 용호로 82',     '2025-10-22', '2025-10-13 10:10:00', '2025-10-13 10:10:00'),
(14, '배송완료', '노진호',   '01023456714', '경기도 고양시 덕양구 화중로 33', '2025-10-09', '2025-10-09 14:10:00', '2025-10-09 14:10:00'),
(15, '출고전',   '김소현',   '01023456715', '서울특별시 은평구 불광로 29',    '2025-10-23', '2025-10-13 10:15:00', '2025-10-13 10:15:00'),
(16, '배송중',   '이도윤',   '01023456716', '경기도 안양시 동안구 시민대로 100','2025-10-20', '2025-10-13 10:20:00', '2025-10-13 10:20:00'),
(17, '배송완료', '정서연',   '01023456717', '서울특별시 관악구 남부순환로 203','2025-10-09', '2025-10-09 09:30:00', '2025-10-09 09:30:00'),
(18, '출고전',   '문태호',   '01023456718', '대전광역시 서구 둔산로 77',     '2025-10-21', '2025-10-13 10:25:00', '2025-10-13 10:25:00'),
(19, '배송완료', '박민지',   '01023456719', '서울특별시 광진구 능동로 55',   '2025-10-10', '2025-10-10 09:40:00', '2025-10-10 09:40:00'),
(20, '배송중',   '이재훈',   '01023456720', '서울특별시 구로구 디지털로 300', '2025-10-19', '2025-10-13 10:30:00', '2025-10-13 10:30:00'),
(21, '출고전',   '윤지아',   '01034567821', '서울특별시 양천구 목동로 92',   '2025-10-23', '2025-10-13 10:35:00', '2025-10-13 10:35:00'),
(22, '배송완료', '김유리',   '01034567822', '서울특별시 노원구 동일로 123',   '2025-10-08', '2025-10-08 09:00:00', '2025-10-08 09:00:00'),
(23, '배송중',   '서준혁',   '01034567823', '서울특별시 용산구 한강대로 80', '2025-10-20', '2025-10-13 10:40:00', '2025-10-13 10:40:00'),
(24, '출고전',   '최하늘',   '01034567824', '서울특별시 서대문구 통일로 99', '2025-10-24', '2025-10-13 10:45:00', '2025-10-13 10:45:00'),
(25, '출고전',   '오지훈',   '01034567825', '경기도 수원시 영통구 대학로 65','2025-10-24', '2025-10-13 10:50:00', '2025-10-13 10:50:00'),
(26, '배송완료', '박서연',   '01034567826', '서울특별시 동대문구 왕산로 30','2025-10-09', '2025-10-09 09:00:00', '2025-10-09 09:00:00'),
(27, '출고전',   '김나연',   '01034567827', '서울특별시 금천구 가산디지털로 121','2025-10-22','2025-10-13 10:55:00', '2025-10-13 10:55:00'),
(28, '배송완료', '남도현',   '01034567828', '부산광역시 북구 만덕대로 55',   '2025-10-11', '2025-10-11 10:20:00', '2025-10-11 10:20:00'),
(29, '배송중',   '정유진',   '01034567829', '서울특별시 마포구 양화로 10',   '2025-10-25', '2025-10-13 11:00:00', '2025-10-13 11:00:00'),
(30, '출고전',   '이태훈',   '01034567830', '서울특별시 강서구 공항대로 45', '2025-10-18', '2025-10-13 11:05:00', '2025-10-13 11:05:00');

INSERT INTO order_products (order_id, product_id, quantity, price)
VALUES
-- order_id 1
(1, 1, 2, 27000),
(1, 12, 1, 26000),

-- order_id 2
(2, 25, 3, 10000),
(2, 43, 1, 29000),

-- order_id 3
(3, 59, 2, 40000),
(3, 10, 1, 79000),

-- order_id 4
(4, 14, 1, 31000),
(4, 35, 1, 53000),

-- order_id 5
(5, 49, 2, 28000),
(5, 45, 1, 13000),

-- order_id 6
(6, 53, 2, 35000),
(6, 22, 1, 15000),

-- order_id 7
(7, 5, 1, 39000),
(7, 17, 1, 29000),

-- order_id 8
(8, 28, 2, 18000),
(8, 31, 1, 18000),

-- order_id 9
(9, 37, 1, 46000),
(9, 2, 1, 19000),

-- order_id 10
(10, 43, 1, 29000),
(10, 24, 1, 23000),

-- order_id 11
(11, 50, 2, 53000),
(11, 11, 1, 42000),

-- order_id 12
(12, 15, 1, 22000),
(12, 34, 1, 37000),

-- order_id 13
(13, 9, 2, 61000),
(13, 8, 1, 16000),

-- order_id 14
(14, 20, 1, 33000),
(14, 42, 1, 26000),

-- order_id 15
(15, 18, 1, 64000),
(15, 33, 1, 49000),

-- order_id 16
(16, 29, 1, 18000),
(16, 26, 1, 22000),

-- order_id 17
(17, 27, 1, 12000),
(17, 41, 1, 18000),

-- order_id 18
(18, 38, 1, 12000),
(18, 3, 1, 38000),

-- order_id 19
(19, 44, 1, 44000),
(19, 7, 2, 54000),

-- order_id 20
(20, 30, 1, 49000),
(20, 6, 1, 28000),

-- order_id 21
(21, 21, 1, 29000),
(21, 55, 1, 12000),

-- order_id 22
(22, 19, 1, 31000),
(22, 48, 1, 27000),

-- order_id 23
(23, 13, 2, 16000),
(23, 36, 1, 31000),

-- order_id 24
(24, 56, 1, 20000),
(24, 40, 1, 35000),

-- order_id 25
(25, 47, 2, 14000),
(25, 46, 1, 19000),

-- order_id 26
(26, 4, 1, 42000),
(26, 16, 1, 29000),

-- order_id 27
(27, 23, 1, 22000),
(27, 58, 1, 41000),

-- order_id 28
(28, 39, 1, 26000),
(28, 54, 2, 21000),

-- order_id 29
(29, 32, 1, 29000),
(29, 52, 1, 49000),

-- order_id 30
(30, 57, 1, 37000),
(30, 51, 1, 15000);

INSERT INTO return_requests (order_product_id, comment, return_status, created_at, updated_at)
VALUES
(5,  '제품이 파손되어 도착했습니다.',          '요청접수', '2025-10-14 10:00:00', '2025-10-14 10:00:00'),
(9,  '색상이 화면과 달라요.',                 '승인완료', '2025-10-15 11:00:00', '2025-10-15 11:30:00'),
(17, '사이즈가 맞지 않습니다.',              '반송중',   '2025-10-16 14:00:00', '2025-10-16 14:30:00'),
(24, '제품 구성품이 누락되어 있습니다.',       '요청접수', '2025-10-17 09:20:00', '2025-10-17 09:20:00'),
(33, '상품이 불량이라 반품 요청합니다.',       '반품완료', '2025-10-18 15:00:00', '2025-10-18 16:00:00');

INSERT INTO return_images (return_id, image, created_at)
VALUES
(1, 'https://cdn.example.com/returns/img_1_damaged_box.jpg',  '2025-10-14 10:05:00'),
(2, 'https://cdn.example.com/returns/img_2_wrong_color.jpg',  '2025-10-15 11:10:00'),
(3, 'https://cdn.example.com/returns/img_3_size_issue.jpg',   '2025-10-16 14:05:00'),
(4, 'https://cdn.example.com/returns/img_4_missing_item.jpg', '2025-10-17 09:25:00'),
(5, 'https://cdn.example.com/returns/img_5_defect_product.jpg','2025-10-18 15:10:00');

INSERT INTO withdraw_requests (order_id, comment, withdraw_status, created_at, updated_at)
VALUES
(1,  '단순 변심으로 주문을 취소합니다.',        '취소요청', '2025-10-13 11:10:00', '2025-10-13 11:10:00'),
(5,  '상품을 잘못 선택했습니다.',              '취소승인', '2025-10-13 11:15:00', '2025-10-13 11:20:00'),
(7,  '결제 금액 오류로 취소 요청합니다.',      '취소요청', '2025-10-13 11:25:00', '2025-10-13 11:25:00'),
(13, '배송지를 잘못 입력했습니다.',            '취소완료', '2025-10-13 11:30:00', '2025-10-13 11:30:00'),
(15, '다른 상품으로 변경하려고 합니다.',        '취소요청', '2025-10-13 11:35:00', '2025-10-13 11:35:00'),
(18, '결제 수단을 다시 선택하고 싶어요.',      '취소승인', '2025-10-13 11:40:00', '2025-10-13 11:40:00'),
(21, '주문 수량을 잘못 입력했습니다.',          '취소요청', '2025-10-13 11:45:00', '2025-10-13 11:45:00'),
(24, '배송 예정일이 늦어 취소합니다.',          '취소요청', '2025-10-13 11:50:00', '2025-10-13 11:50:00'),
(25, '가격이 변동되어 주문을 취소합니다.',      '취소승인', '2025-10-13 11:55:00', '2025-10-13 11:55:00'),
(27, '다른 브랜드 제품으로 변경하려고 합니다.', '취소완료', '2025-10-13 12:00:00', '2025-10-13 12:00:00');
